시도,시군구,읍면동,피해 유형,피해 인구,피해 시작일,피해 종료일
강원도,속초시,교동,제한급수,"11,161",2015-06-17,2015-06-26
강원도,속초시,교동,제한급수,"10,384",2018-02-06,2018-03-05
강원도,속초시,금호동,제한급수,"7,417",2015-06-17,2015-06-26
강원도,속초시,금호동,제한급수,"6,834",2018-02-06,2018-03-05
강원도,속초시,노학동,제한급수,"23,541",2015-06-17,2015-06-26
강원도,속초시,노학동,제한급수,"22,874",2018-02-06,2018-03-05
강원도,속초시,대포동,제한급수,"3,382",2015-06-17,2015-06-26
강원도,속초시,대포동,제한급수,"3,168",2018-02-06,2018-03-05
강원도,속초시,동명동,제한급수,"3,691",2015-06-17,2015-06-26
강원도,속초시,동명동,제한급수,"4,341",2018-02-06,2018-03-05
강원도,속초시,영랑동,제한급수,"5,336",2015-06-17,2015-06-26
강원도,속초시,영랑동,제한급수,"5,029",2018-02-06,2018-03-05
강원도,속초시,조양동,제한급수,"23,996",2015-06-17,2015-06-26
강원도,속초시,조양동,제한급수,"25,016",2018-02-06,2018-03-05
강원도,속초시,청호동,제한급수,"3,941",2015-06-17,2015-06-26
강원도,속초시,청호동,제한급수,"4,703",2018-02-06,2018-03-05
강원도,정선군,사북읍/고한읍/남면,제한+운반급수,"4,800",2009-01-12,2009-02-18
강원도,태백시,구문소동,제한급수,"3,323",2009-01-06,2009-03-25
강원도,태백시,문곡소도동,제한급수,"4,663",2009-01-06,2009-03-25
강원도,태백시,삼수동,제한급수,"7,234",2009-01-06,2009-03-25
강원도,태백시,상장동,제한급수,"16,259",2009-01-06,2009-03-25
강원도,태백시,장성동,제한급수,"4,054",2009-01-06,2009-03-25
강원도,태백시,철암동,제한급수,"2,639",2009-01-06,2009-03-25
강원도,태백시,황연동,제한급수,"5,547",2009-01-06,2009-03-25
강원도,태백시,황지동,제한급수,"7,566",2009-01-06,2009-03-25
경상남도,남해군,고현면,제한급수,"1,618",2014-02-15,2014-03-17
경상남도,남해군,남면,제한급수,"3,233",2014-01-10,2014-03-17
경상남도,남해군,남해읍,제한급수,"11,631",2013-12-01,2013-12-31
경상남도,남해군,미조면,제한급수,"2,767",2014-02-17,2014-03-17
경상남도,남해군,이동면,제한급수,"1,667",2013-10-23,2013-12-31
경상남도,남해군,이동면,제한급수,"2,412",2014-01-01,2014-03-20
경상북도,영덕군,강구면,제한급수,229,2009-02-11,2009-04-15
경상북도,영덕군,남정면,제한급수,152,2009-02-11,2009-04-15
경상북도,영덕군,영덕읍,제한급수,381,2009-02-11,2009-04-15
전라남도,고흥군,금산면,제한급수,"1,000",2008-05-30,2008-06-20
전라남도,신안군,비금면,제한급수,"3,694",2015-12-14,2015-12-31
전라남도,신안군,비금면,제한급수,"3,694",2016-01-01,2016-04-29
전라남도,신안군,안좌면,제한급수,"2,971",2015-11-01,2015-12-31
전라남도,신안군,안좌면,제한급수,"2,971",2016-01-01,2016-05-04
전라남도,신안군,안좌면,제한급수,"2,988",2017-08-15,2017-12-31
전라남도,신안군,안좌면,제한급수,"2,988",2018-01-01,2018-04-23
전라남도,신안군,임자면,제한급수,"3,316",2015-11-02,2015-12-31
전라남도,신안군,임자면,제한급수,"3,316",2016-01-01,2016-04-27
전라남도,신안군,임자면,제한급수,"3,316",2017-06-10,2017-12-31
전라남도,신안군,임자면,제한급수,"3,313",2018-01-01,2018-04-08
전라남도,신안군,자은면,제한급수,"2,380",2017-07-10,2017-07-14
전라남도,신안군,팔금면,제한급수,"1,109",2015-11-01,2015-12-31
전라남도,신안군,팔금면,제한급수,"1,109",2016-01-01,2016-05-04
전라남도,신안군,팔금면,제한급수,"1,115",2017-08-15,2017-12-31
전라남도,신안군,팔금면,제한급수,"1,115",2018-01-01,2018-04-23
전라남도,여수시,화정면,제한+운반급수,806,2019-01-16,2019-05-02
전라남도,완도군,고금면,제한급수,"4,258",2014-02-03,2014-05-25
전라남도,완도군,금일읍,제한급수,"1,200",2008-02-18,2008-05-26
전라남도,완도군,금일읍,제한급수,"1,200",2008-12-01,2009-04-20
전라남도,완도군,금일읍,제한급수,"1,200",2009-12-28,2010-03-18
전라남도,완도군,금일읍,제한급수,"1,200",2011-03-21,2011-04-14
전라남도,완도군,금일읍,제한급수,"1,200",2013-09-01,2014-05-31
전라남도,완도군,노화읍,제한급수,"1,500",2007-12-10,2008-05-28
전라남도,완도군,노화읍,제한급수,"1,500",2008-11-15,2009-03-30
전라남도,완도군,노화읍,제한급수,"1,500",2009-11-02,2010-04-04
전라남도,완도군,노화읍,제한급수,"1,500",2010-11-15,2011-07-03
전라남도,완도군,노화읍,제한급수,"1,350",2011-10-31,2012-04-02
전라남도,완도군,노화읍,제한급수,391,2011-10-14,2012-04-25
전라남도,완도군,노화읍,제한급수,391,2013-09-06,2014-09-04
전라남도,완도군,노화읍,제한급수,"1,500",2013-12-02,2014-05-04
전라남도,완도군,노화읍,제한급수,391,2017-07-13,2018-05-13
전라남도,완도군,노화읍,제한급수,"4,978",2017-08-07,2018-03-20
전라남도,완도군,보길면,제한급수,"1,800",2007-12-10,2008-05-28
전라남도,완도군,보길면,제한급수,"1,800",2008-11-15,2009-03-30
전라남도,완도군,보길면,제한급수,"1,800",2009-11-02,2010-04-04
전라남도,완도군,보길면,제한급수,"1,800",2010-11-15,2011-07-03
전라남도,완도군,보길면,제한급수,"1,800",2011-10-31,2012-04-02
전라남도,완도군,보길면,제한급수,"1,800",2013-12-02,2014-05-04
전라남도,완도군,보길면,제한급수,"2,946",2017-08-07,2018-03-20
전라남도,완도군,소안면,제한급수,"2,458",2008-02-12,2008-05-28
전라남도,완도군,소안면,제한급수,"2,458",2008-10-31,2009-03-23
전라남도,완도군,소안면,제한급수,"2,714",2018-03-05,2018-03-22
전라남도,완도군,약산면,제한급수,"2,461",2014-02-03,2014-05-25
전라남도,완도군,청산면,제한급수,"1,200",2007-10-15,2008-04-21
전라남도,완도군,청산면,제한급수,"1,200",2008-10-13,2009-02-10
전라남도,완도군,청산면,제한급수,"1,200",2009-11-16,2010-02-15
전라남도,완도군,청산면,제한급수,"1,200",2012-01-30,2012-03-25
전라남도,완도군,청산면,제한급수,"1,560",2013-09-22,2014-05-15
전라남도,완도군,청산면,제한급수,"2,453",2018-03-05,2018-03-11
전라남도,진도군,조도면,제한급수,76,2009-05-01,
강원도,강릉시,강동면,제한급수,46,2015-06-01,2015-06-16
강원도,강릉시,강동면,운반급수,193,2015-06-18,2015-06-26
강원도,강릉시,구정면,제한급수,193,2015-05-29,2015-06-25
강원도,강릉시,연곡면,제한급수,52,2015-06-01,2015-06-25
강원도,강릉시,옥계면,제한급수,7,2015-06-01,2015-06-16
강원도,강릉시,왕산면,운반급수,77,2017-06-26,2017-06-27
강원도,고성군,거진읍,제한급수,69,2017-05-24,2017-06-30
강원도,동해시,망상동,운반급수,160,2015-05-27,2015-06-26
강원도,동해시,삼화동,운반급수,25,2018-01-13,2018-01-19
강원도,동해시,삼화동,운반급수,25,2018-01-26,2018-01-26
강원도,삼척시,가곡면,운반급수,93,2011-01-17,2011-01-20
강원도,삼척시,가곡면,운반급수,99,2011-01-17,2011-01-20
강원도,삼척시,가곡면,운반급수,60,2014-07-28,2014-08-18
강원도,삼척시,가곡면,운반급수,60,2015-05-26,2015-06-26
강원도,삼척시,가곡면,운반급수,93,2018-01-12,2018-01-12
강원도,삼척시,근덕면,운반급수,73,2011-01-16,2011-01-20
강원도,삼척시,노곡면,운반급수,80,2011-01-01,2011-01-20
강원도,삼척시,노곡면,운반급수,28,2018-01-13,2018-01-13
강원도,삼척시,노곡면,운반급수,13,2018-01-30,2018-01-30
강원도,삼척시,노곡면,운반급수,23,2018-01-31,2018-01-31
강원도,삼척시,도계읍,운반급수,21,2011-01-02,2011-01-20
강원도,삼척시,미로면,운반급수,130,2011-01-01,2011-01-20
강원도,삼척시,미로면,운반급수,65,2015-05-26,2015-06-26
강원도,삼척시,미로면,운반급수,182,2015-06-02,2015-06-26
강원도,삼척시,미로면,운반급수,6,2017-05-19,2017-05-19
강원도,삼척시,미로면,운반급수,105,2017-05-20,2017-05-24
강원도,삼척시,미로면,운반급수,182,2017-05-21,2017-06-25
강원도,삼척시,미로면,운반급수,110,2017-05-25,2017-06-01
강원도,삼척시,신기면,운반급수,99,2011-01-17,2011-01-20
강원도,삼척시,신기면,운반급수,199,2011-01-18,2011-01-20
강원도,삼척시,신기면,운반급수,199,2015-06-15,2015-06-26
강원도,삼척시,신기면,운반급수,99,2018-01-13,2018-01-13
강원도,삼척시,신기면,운반급수,32,2018-01-18,2018-01-18
강원도,삼척시,원덕읍,운반급수,57,2011-01-01,2011-01-20
강원도,삼척시,원덕읍,운반급수,135,2011-01-16,2011-01-20
강원도,삼척시,원덕읍,운반급수,50,2014-07-31,2014-08-18
강원도,삼척시,원덕읍,운반급수,50,2015-06-20,2015-06-26
강원도,삼척시,하장면,운반급수,99,2011-01-02,2011-01-20
강원도,삼척시,하장면,운반급수,80,2011-01-17,2011-01-20
강원도,삼척시,하장면,운반급수,25,2011-01-18,2011-01-20
강원도,삼척시,하장면,운반급수,20,2018-01-01,2018-01-01
강원도,삼척시,하장면,운반급수,14,2018-01-01,2018-01-01
강원도,삼척시,하장면,운반급수,41,2018-01-01,2018-01-01
강원도,삼척시,하장면,운반급수,35,2018-01-01,2018-01-01
강원도,삼척시,하장면,운반급수,53,2018-01-03,2018-01-03
강원도,삼척시,하장면,운반급수,10,2018-01-05,2018-01-05
강원도,삼척시,하장면,운반급수,30,2018-01-11,2018-01-11
강원도,삼척시,하장면,운반급수,80,2018-01-14,2018-01-14
강원도,양구군,남면,제한급수,16,2017-06-23,2017-06-23
강원도,양구군,남면,제한급수,25,2015-03-10,2015-06-26
강원도,양구군,양구읍,제한급수,3,2017-06-01,2017-06-01
강원도,양구군,양구읍,제한급수,65,2015-02-20,2015-06-26
강원도,양구군,양구읍,제한급수,110,2018-01-30,2018-01-30
강원도,영월군,김삿갓면,운반급수,81,2012-06-08,2012-06-30
강원도,영월군,김삿갓면,운반급수,36,2012-06-08,2012-06-30
강원도,영월군,김삿갓면,운반급수,25,2012-06-08,2012-06-30
강원도,영월군,김삿갓면,운반급수,30,2014-06-05,2014-06-12
강원도,영월군,김삿갓면,운반급수,30,2014-06-05,2014-06-12
강원도,영월군,김삿갓면,운반급수,25,2015-06-07,2015-06-26
강원도,영월군,김삿갓면,운반급수,86,2016-05-25,2016-05-26
강원도,영월군,김삿갓면,운반급수,53,2017-06-19,2017-06-24
강원도,영월군,김삿갓면,운반급수,10,2017-06-24,2017-07-01
강원도,영월군,김삿갓면,운반급수,20,2017-06-25,2017-07-01
강원도,영월군,남면,운반급수,20,2009-02-12,2009-02-26
강원도,영월군,남면,운반급수,3,2014-06-07,2014-06-07
강원도,영월군,남면,운반급수,8,2016-05-31,2016-06-05
강원도,영월군,남면,운반급수,16,2017-05-31,2017-05-31
강원도,영월군,남면,운반급수,8,2017-06-18,2017-07-01
강원도,영월군,남면,운반급수,30,2017-06-22,2017-07-01
강원도,영월군,남면,운반급수,45,2017-06-22,2017-07-01
강원도,영월군,북면,운반급수,110,2012-06-08,2012-06-30
강원도,영월군,북면,운반급수,44,2016-05-25,2016-05-26
강원도,영월군,북면,운반급수,31,2016-05-25,2016-05-26
강원도,영월군,북면,운반급수,35,2017-06-19,2017-07-01
강원도,영월군,북면,운반급수,90,2017-06-19,2017-07-01
강원도,영월군,영월읍,운반급수,66,2012-06-08,2012-06-30
강원도,영월군,영월읍,운반급수,14,2014-05-27,2014-05-27
강원도,영월군,영월읍,운반급수,36,2017-05-30,2017-07-01
강원도,영월군,주천면,운반급수,20,2015-10-19,2015-11-09
강원도,영월군,주천면,운반급수,10,2015-10-19,2015-11-09
강원도,영월군,주천면,운반급수,30,2017-06-01,2017-06-26
강원도,영월군,주천면,운반급수,28,2017-06-13,2017-06-26
강원도,영월군,주천면,운반급수,8,2017-06-21,2017-07-01
강원도,영월군,중동면,운반급수,14,2009-01-13,2009-02-10
강원도,영월군,중동면,운반급수,20,2009-01-17,2009-02-10
강원도,영월군,중동면,운반급수,20,2009-01-17,2009-02-10
강원도,영월군,중동면,운반급수,5,2015-10-19,2015-11-09
강원도,영월군,중동면,운반급수,9,2016-05-31,2016-06-05
강원도,영월군,중동면,운반급수,18,2017-05-31,2017-06-01
강원도,영월군,중동면,운반급수,12,2017-06-22,2017-07-01
강원도,영월군,중동면,운반급수,6,2017-06-24,2017-07-01
강원도,영월군,중동면,운반급수,6,2017-06-24,2017-07-01
강원도,영월군,한반도면,운반급수,48,2012-06-08,2012-06-30
강원도,영월군,한반도면,운반급수,58,2015-10-08,2015-11-09
강원도,원주시,단구동,운반급수,70,2014-07-21,2014-08-18
강원도,원주시,문막읍,운반급수,95,2011-01-14,2011-01-20
강원도,원주시,문막읍,운반급수,42,2011-01-14,2011-01-20
강원도,원주시,문막읍,운반급수,139,2011-01-18,2011-01-20
강원도,원주시,문막읍,운반급수,95,2012-06-06,2012-06-24
강원도,원주시,소초면,운반급수,119,2011-01-16,2011-01-20
강원도,원주시,소초면,운반급수,97,2015-03-02,2015-04-03
강원도,원주시,소초면,운반급수,46,2017-02-20,2017-03-10
강원도,원주시,소초면,운반급수,35,2018-01-19,2018-01-19
강원도,원주시,신림면,운반급수,71,2011-01-14,2011-01-20
강원도,원주시,신림면,운반급수,103,2011-01-16,2011-01-20
강원도,원주시,신림면,운반급수,30,2015-03-02,2015-04-03
강원도,원주시,신림면,운반급수,99,2017-05-08,2017-05-20
강원도,원주시,신림면,운반급수,50,2018-01-01,2018-01-15
강원도,원주시,신림면,운반급수,216,2018-01-27,2018-01-27
강원도,원주시,판부면,운반급수,102,2014-07-18,2014-08-18
강원도,원주시,판부면,운반급수,60,2018-01-29,2018-01-29
강원도,인제군,기린면,운반급수,53,2015-06-15,2015-06-26
강원도,인제군,기린면,운반급수,73,2015-06-17,2015-06-26
강원도,인제군,기린면,운반급수,201,2017-06-19,2017-07-03
강원도,인제군,기린면,운반급수,20,2018-01-30,2018-01-30
강원도,인제군,남면,운반급수,59,2011-01-17,2011-01-20
강원도,인제군,남면,운반급수,50,2014-07-11,2014-08-18
강원도,인제군,남면,운반급수,35,2014-07-12,2014-08-18
강원도,인제군,남면,운반급수,11,2015-02-10,2015-02-22
강원도,인제군,남면,운반급수,10,2015-06-02,2015-10-19
강원도,인제군,남면,운반급수,74,2017-06-05,2017-07-03
강원도,인제군,남면,운반급수,131,2017-06-21,2017-06-27
강원도,인제군,남면,운반급수,75,2018-01-12,2018-01-13
강원도,인제군,남면,운반급수,50,2019-06-04,2019-06-06
강원도,인제군,북면,운반급수,48,2018-01-30,2018-01-30
강원도,인제군,북면,운반급수,66,2018-01-30,2018-01-30
강원도,인제군,상남면,운반급수,250,2011-01-17,2011-01-20
강원도,인제군,상남면,운반급수,250,2019-06-04,2019-06-06
강원도,인제군,서화면,운반급수,22,2011-01-18,2011-01-20
강원도,인제군,인제읍,운반급수,352,2011-01-16,2011-01-20
강원도,인제군,인제읍,운반급수,53,2015-06-17,2015-06-26
강원도,인제군,인제읍,운반급수,138,2015-06-17,2015-06-26
강원도,인제군,인제읍,운반급수,32,2015-07-06,2015-07-12
강원도,인제군,인제읍,운반급수,40,2018-01-30,2018-01-30
강원도,인제군,인제읍,운반급수,400,2018-01-30,2018-01-30
강원도,인제군,인제읍,운반급수,120,2019-06-04,2019-06-06
강원도,정선군,고한읍,운반급수,4,2011-01-17,2011-01-20
강원도,정선군,고한읍,운반급수,97,2018-01-15,2018-01-15
강원도,정선군,남면,운반급수,50,2011-01-17,2011-01-20
강원도,정선군,남면,운반급수,45,2011-01-17,2011-01-20
강원도,정선군,남면,운반급수,20,2011-01-18,2011-01-20
강원도,정선군,남면,운반급수,45,2015-10-14,2015-10-19
강원도,정선군,남면,운반급수,32,2018-01-01,2018-01-01
강원도,정선군,사북읍,운반급수,80,2009-01-12,2009-02-18
강원도,정선군,사북읍,운반급수,150,2009-01-12,2009-02-18
강원도,정선군,신동읍,운반급수,4,2011-01-17,2011-01-20
강원도,정선군,신동읍,운반급수,35,2018-02-01,2018-02-01
강원도,정선군,신동읍,운반급수,32,2018-02-01,2018-02-01
강원도,정선군,신동읍,운반급수,25,2018-02-01,2018-02-01
강원도,정선군,신동읍,운반급수,60,2018-02-01,2018-02-01
강원도,정선군,여량면,운반급수,2,2011-01-08,2011-01-20
강원도,정선군,여량면,운반급수,15,2018-02-01,2018-02-01
강원도,정선군,여량면,운반급수,17,2018-02-01,2018-02-01
강원도,정선군,임계면,운반급수,23,2010-12-23,2011-01-20
강원도,정선군,임계면,운반급수,22,2011-01-15,2011-01-20
강원도,정선군,임계면,운반급수,114,2011-01-19,2011-01-20
강원도,정선군,임계면,운반급수,64,2012-06-21,2012-06-24
강원도,정선군,임계면,운반급수,24,2015-05-30,2015-06-26
강원도,정선군,임계면,운반급수,81,2015-06-15,2015-06-26
강원도,정선군,임계면,운반급수,32,2015-06-15,2015-06-26
강원도,정선군,임계면,운반급수,30,2015-06-15,2015-06-26
강원도,정선군,임계면,운반급수,27,2015-06-17,2015-06-26
강원도,정선군,임계면,운반급수,67,2015-06-17,2015-06-26
강원도,정선군,임계면,운반급수,46,2018-01-23,2018-01-23
강원도,정선군,임계면,운반급수,50,2018-01-23,2018-01-23
강원도,정선군,임계면,운반급수,30,2018-01-28,2018-01-28
강원도,정선군,정선읍,운반급수,2,2011-01-07,2011-01-20
강원도,정선군,정선읍,운반급수,3,2015-06-01,2015-06-26
강원도,정선군,정선읍,운반급수,24,2018-01-30,2018-01-30
강원도,춘천시,남산면,운반급수,100,2015-06-01,2015-06-26
강원도,춘천시,남산면,운반급수,25,2017-06-23,2017-07-01
강원도,춘천시,북산면,운반급수,65,2012-06-24,2012-06-24
강원도,춘천시,사북면,운반급수,44,2015-06-22,2015-06-26
강원도,춘천시,서면,운반급수,191,2014-07-14,2014-08-18
강원도,춘천시,서면,운반급수,39,2014-12-01,2015-06-26
강원도,춘천시,서면,운반급수,18,2015-06-01,2015-06-26
강원도,춘천시,서면,운반급수,88,2015-06-22,2015-06-26
강원도,춘천시,서면,운반급수,60,2015-10-08,2015-10-19
강원도,춘천시,서면,운반급수,60,2016-01-20,2016-06-12
강원도,춘천시,서면,운반급수,190,2016-05-23,2016-06-05
강원도,춘천시,서면,운반급수,190,2017-03-20,2017-06-27
강원도,춘천시,서면,운반급수,60,2017-05-23,2017-06-25
강원도,춘천시,서면,운반급수,46,2017-06-02,2017-07-03
강원도,태백시,구문소동,운반급수,4,2019-03-05,2019-03-05
강원도,태백시,삼수동,운반급수,32,2016-04-25,2016-04-25
강원도,태백시,삼수동,운반급수,58,2016-08-08,2016-08-09
강원도,태백시,삼수동,운반급수,4,2019-01-18,2019-03-15
강원도,태백시,삼수동,운반급수,4,2019-02-11,2019-03-05
강원도,태백시,장성동,운반급수,17,2016-06-27,2016-07-04
강원도,태백시,철암동,운반급수,8,2017-06-24,2017-06-24
강원도,평창군,대화면,운반급수,68,2014-06-05,2014-08-18
강원도,평창군,대화면,운반급수,60,2014-07-20,2014-08-18
강원도,평창군,대화면,운반급수,68,2015-01-05,2015-04-03
강원도,평창군,대화면,운반급수,60,2015-06-09,2015-06-26
강원도,평창군,미탄면,운반급수,24,2014-07-21,2014-08-18
강원도,평창군,미탄면,운반급수,30,2015-01-05,2015-02-17
강원도,평창군,미탄면,운반급수,24,2015-06-09,2015-06-26
강원도,평창군,미탄면,운반급수,31,2015-06-17,2015-06-26
강원도,평창군,미탄면,운반급수,30,2015-09-21,2015-10-14
강원도,평창군,방림면,운반급수,122,2014-07-22,2014-08-18
강원도,평창군,방림면,운반급수,125,2015-06-17,2015-06-26
강원도,평창군,방림면,운반급수,65,2015-06-17,2015-06-26
강원도,평창군,용평면,운반급수,30,2014-07-20,2014-08-18
강원도,평창군,진부면,운반급수,60,2014-07-21,2014-08-18
강원도,평창군,진부면,운반급수,51,2014-07-28,2014-08-18
강원도,평창군,진부면,운반급수,97,2015-06-16,2015-06-26
강원도,평창군,평창읍,운반급수,110,2015-06-09,2015-06-26
강원도,홍천군,남면,운반급수,46,2012-06-05,2012-06-24
강원도,홍천군,남면,운반급수,15,2014-07-22,2014-07-25
강원도,홍천군,남면,운반급수,5,2016-02-01,2016-02-01
강원도,홍천군,남면,운반급수,35,2017-05-22,2017-06-20
강원도,홍천군,남면,운반급수,56,2017-06-28,2017-06-28
강원도,홍천군,내면,운반급수,72,2009-01-03,2009-01-10
강원도,홍천군,내촌면,운반급수,6,2016-01-29,2016-01-29
강원도,홍천군,내촌면,운반급수,3,2016-02-05,2016-02-05
강원도,홍천군,동면,운반급수,22,2016-06-14,2016-06-14
강원도,홍천군,동면,운반급수,7,2017-06-08,2017-06-23
강원도,홍천군,두촌면,운반급수,40,2009-01-03,2009-01-10
강원도,홍천군,두촌면,운반급수,45,2012-06-23,2012-06-24
강원도,홍천군,두촌면,운반급수,107,2018-01-02,2018-01-13
강원도,홍천군,북방면,운반급수,7,2017-06-26,2017-06-26
강원도,홍천군,서면,운반급수,30,2014-05-05,2014-05-15
강원도,홍천군,서면,운반급수,7,2014-07-22,2014-07-22
강원도,홍천군,서면,운반급수,52,2017-06-28,2017-06-28
강원도,홍천군,홍천읍,운반급수,17,2014-06-05,2014-06-10
강원도,홍천군,홍천읍,운반급수,9,2016-02-03,2016-02-03
강원도,홍천군,화촌면,운반급수,12,2016-01-26,2016-01-27
강원도,홍천군,화촌면,운반급수,3,2016-02-05,2016-02-05
강원도,홍천군,화촌면,운반급수,25,2017-06-01,2017-06-01
강원도,화천군,간동면,운반급수,20,2016-05-29,2016-05-29
강원도,화천군,간동면,운반급수,66,2012-06-22,2012-06-24
강원도,화천군,간동면,운반급수,22,2014-06-01,2014-08-18
강원도,화천군,간동면,운반급수,95,2014-07-17,2014-08-18
강원도,화천군,간동면,운반급수,20,2014-07-18,2014-08-18
강원도,화천군,간동면,운반급수,20,2017-05-30,2017-06-27
강원도,화천군,간동면,운반급수,10,2017-06-02,2017-06-26
강원도,화천군,간동면,운반급수,30,2017-06-20,2017-07-02
강원도,화천군,간동면,운반급수,22,2018-01-13,2018-01-13
강원도,화천군,사내면,운반급수,72,2014-07-17,2014-08-18
강원도,화천군,사내면,운반급수,43,2014-07-18,2014-08-18
강원도,화천군,사내면,운반급수,206,2014-07-20,2014-08-18
강원도,화천군,사내면,운반급수,33,2017-06-23,2017-07-03
강원도,화천군,사내면,운반급수,40,2017-06-25,2017-07-02
강원도,화천군,사내면,운반급수,33,2018-01-10,2018-01-10
강원도,화천군,상서면,운반급수,100,2017-06-29,2017-06-29
강원도,화천군,상서면,운반급수,80,2017-06-30,2017-06-30
강원도,화천군,상서면,운반급수,70,2014-07-17,2014-08-18
강원도,화천군,상서면,운반급수,112,2014-07-17,2014-08-18
강원도,화천군,상서면,운반급수,78,2014-07-20,2014-08-18
강원도,화천군,상서면,운반급수,210,2015-06-01,2015-07-12
강원도,화천군,상서면,운반급수,86,2017-06-01,2017-07-02
강원도,화천군,상서면,운반급수,80,2018-01-27,2018-01-27
강원도,화천군,상서면,운반급수,86,2019-06-03,2019-06-07
강원도,화천군,하남면,운반급수,165,2016-05-30,2016-05-30
강원도,화천군,하남면,운반급수,58,2011-01-08,2011-01-20
강원도,화천군,하남면,운반급수,35,2014-07-12,2014-08-18
강원도,화천군,하남면,운반급수,165,2014-07-16,2014-08-18
강원도,화천군,하남면,운반급수,79,2014-07-17,2014-08-18
강원도,화천군,하남면,운반급수,250,2014-07-17,2014-08-18
강원도,화천군,하남면,운반급수,52,2014-07-18,2014-08-18
강원도,화천군,하남면,운반급수,165,2014-12-19,2015-02-22
강원도,화천군,하남면,운반급수,250,2014-12-29,2015-02-22
강원도,화천군,하남면,운반급수,35,2015-06-01,2015-07-12
강원도,화천군,하남면,운반급수,165,2017-05-31,2017-07-01
강원도,화천군,하남면,운반급수,36,2017-06-05,2017-06-14
강원도,화천군,하남면,운반급수,250,2017-06-22,2017-07-02
강원도,화천군,하남면,운반급수,52,2018-01-13,2018-01-13
강원도,화천군,하남면,운반급수,35,2019-06-03,2019-06-07
강원도,화천군,화천읍,운반급수,4,2017-06-12,2017-06-12
강원도,화천군,화천읍,운반급수,10,2017-06-19,2017-06-19
강원도,횡성군,갑천면,운반급수,48,2018-01-29,2018-02-20
강원도,횡성군,갑천면,운반급수,48,2018-08-03,2018-08-09
강원도,횡성군,강림면,운반급수,75,2018-01-04,2018-01-05
강원도,횡성군,강림면,운반급수,75,2018-01-04,2018-01-16
강원도,횡성군,공근면,운반급수,262,2017-01-23,2017-05-08
강원도,횡성군,공근면,운반급수,153,2017-06-19,2017-06-22
강원도,횡성군,공근면,운반급수,170,2018-01-29,2018-02-01
강원도,횡성군,공근면,운반급수,170,2018-08-03,2018-08-21
강원도,횡성군,공근면,운반급수,170,2019-05-03,2019-05-03
강원도,횡성군,둔내면,운반급수,124,2015-06-17,2015-06-26
강원도,횡성군,둔내면,운반급수,50,2019-01-10,2019-03-04
강원도,횡성군,서원면,운반급수,381,2011-01-19,2011-01-20
강원도,횡성군,서원면,운반급수,284,2017-06-12,2017-06-29
강원도,횡성군,우천면,운반급수,32,2015-06-18,2015-06-26
강원도,횡성군,청일면,운반급수,60,2011-01-20,2011-01-20
강원도,횡성군,청일면,운반급수,60,2015-04-30,2015-06-26
강원도,횡성군,청일면,운반급수,5,2016-05-25,2016-05-26
강원도,횡성군,청일면,운반급수,77,2018-01-02,2018-02-21
경기도,가평군,가평읍,운반급수,50,2016-06-17,2016-11-11
경기도,가평군,가평읍,운반급수,119,2016-08-22,2016-08-22
경기도,가평군,가평읍,운반급수,20,2017-01-25,2017-02-02
경기도,가평군,가평읍,운반급수,160,2017-04-20,2017-04-20
경기도,가평군,북면,운반급수,20,2014-05-24,2014-07-12
경기도,가평군,북면,운반급수,40,2014-06-22,2014-12-17
경기도,가평군,북면,운반급수,70,2014-07-08,2014-07-09
경기도,가평군,북면,운반급수,70,2015-01-01,2015-07-03
경기도,가평군,북면,운반급수,40,2015-01-03,2015-07-06
경기도,가평군,북면,운반급수,20,2015-01-08,2015-02-12
경기도,가평군,북면,운반급수,45,2015-02-16,2015-06-04
경기도,가평군,북면,운반급수,70,2016-07-11,2016-07-11
경기도,가평군,북면,운반급수,5,2017-01-26,2017-01-26
경기도,가평군,북면,운반급수,40,2017-01-27,2017-01-27
경기도,가평군,상면,운반급수,160,2014-03-20,2014-04-05
경기도,가평군,상면,운반급수,200,2014-03-20,2014-07-12
경기도,가평군,상면,운반급수,100,2014-05-17,2015-05-19
경기도,가평군,상면,운반급수,200,2015-02-10,2015-05-25
경기도,가평군,상면,운반급수,100,2015-03-15,2015-03-16
경기도,가평군,상면,운반급수,120,2016-06-03,2016-06-03
경기도,가평군,상면,운반급수,200,2016-09-09,2016-09-09
경기도,가평군,상면,운반급수,160,2016-12-01,2016-12-01
경기도,가평군,상면,운반급수,110,2016-12-22,2016-12-22
경기도,가평군,상면,운반급수,110,2017-01-23,2017-05-29
경기도,가평군,상면,운반급수,60,2017-01-28,2017-01-28
경기도,가평군,상면,운반급수,105,2017-02-03,2017-02-03
경기도,가평군,설악면,운반급수,42,2014-01-14,2014-07-12
경기도,가평군,설악면,운반급수,100,2014-05-02,2014-07-12
경기도,가평군,설악면,운반급수,36,2015-02-12,2015-03-17
경기도,가평군,설악면,운반급수,50,2015-06-01,2015-07-07
경기도,가평군,설악면,운반급수,18,2017-03-07,2017-03-24
경기도,가평군,설악면,운반급수,68,2017-03-21,2017-05-30
경기도,가평군,설악면,운반급수,75,2017-05-05,2017-05-05
경기도,가평군,설악면,운반급수,62,2017-05-30,2017-05-30
경기도,가평군,설악면,운반급수,62,2018-01-29,2018-02-04
경기도,가평군,설악면,운반급수,42,2018-01-29,2018-02-04
경기도,가평군,조종면,운반급수,70,2014-04-23,2014-07-12
경기도,가평군,조종면,운반급수,30,2014-06-08,2014-12-30
경기도,가평군,조종면,운반급수,30,2015-01-02,2015-07-07
경기도,가평군,조종면,운반급수,70,2015-03-26,2015-07-07
경기도,가평군,청평면,운반급수,25,2014-01-04,2014-07-12
경기도,가평군,청평면,운반급수,45,2014-01-13,2014-07-11
경기도,가평군,청평면,운반급수,114,2014-05-10,2014-07-11
경기도,가평군,청평면,운반급수,51,2014-06-03,2014-07-12
경기도,가평군,청평면,운반급수,20,2014-06-17,2014-07-12
경기도,가평군,청평면,운반급수,70,2014-07-08,2014-07-15
경기도,가평군,청평면,운반급수,150,2014-07-11,2014-07-15
경기도,가평군,청평면,운반급수,80,2014-07-12,2014-07-18
경기도,가평군,청평면,운반급수,114,2015-01-05,2015-07-07
경기도,가평군,청평면,운반급수,51,2015-01-21,2015-07-06
경기도,가평군,청평면,운반급수,110,2015-03-09,2015-06-06
경기도,가평군,청평면,운반급수,20,2015-06-01,2015-07-07
경기도,가평군,청평면,운반급수,174,2015-06-12,2015-07-06
경기도,가평군,청평면,운반급수,50,2016-08-22,2016-12-21
경기도,가평군,청평면,운반급수,74,2016-09-19,2016-10-18
경기도,가평군,청평면,운반급수,31,2016-09-23,2016-12-20
경기도,가평군,청평면,운반급수,116,2016-10-14,2016-10-14
경기도,가평군,청평면,운반급수,150,2016-10-28,2016-10-28
경기도,가평군,청평면,운반급수,50,2017-01-02,2017-05-30
경기도,가평군,청평면,운반급수,26,2017-01-26,2017-01-26
경기도,가평군,청평면,운반급수,31,2017-01-26,2017-05-30
경기도,가평군,청평면,운반급수,10,2017-05-17,2017-05-17
경기도,가평군,청평면,운반급수,31,2018-01-01,2018-02-02
경기도,가평군,청평면,운반급수,74,2018-01-08,2018-01-17
경기도,가평군,청평면,운반급수,150,2018-01-29,2018-02-02
경기도,광주시,곤지암읍,운반급수,33,2011-01-21,2011-02-16
경기도,광주시,곤지암읍,운반급수,33,2012-06-22,2012-06-29
경기도,광주시,곤지암읍,운반급수,71,2014-05-26,2014-06-19
경기도,광주시,곤지암읍,운반급수,50,2015-06-23,2015-07-15
경기도,광주시,곤지암읍,운반급수,71,2017-06-24,2017-07-01
경기도,광주시,곤지암읍,운반급수,50,2017-06-26,2017-06-26
경기도,광주시,곤지암읍,운반급수,50,2018-01-16,2018-02-26
경기도,광주시,남종면,운반급수,25,2011-01-07,2011-02-28
경기도,광주시,남종면,운반급수,10,2012-06-07,2012-06-29
경기도,광주시,남종면,운반급수,185,2016-01-25,2016-01-25
경기도,광주시,남종면,운반급수,21,2016-03-03,2016-03-03
경기도,광주시,남종면,운반급수,49,2016-06-24,2016-06-24
경기도,광주시,남종면,운반급수,10,2017-04-03,2017-06-19
경기도,광주시,남종면,운반급수,49,2017-04-20,2017-06-30
경기도,광주시,남종면,운반급수,21,2017-05-23,2017-06-25
경기도,광주시,남종면,운반급수,53,2017-05-28,2017-06-30
경기도,광주시,남종면,운반급수,185,2017-05-31,2017-06-10
경기도,광주시,남종면,운반급수,49,2018-01-29,2018-02-12
경기도,광주시,퇴촌면,운반급수,59,2011-01-13,2011-06-17
경기도,광주시,퇴촌면,운반급수,55,2011-01-17,2011-06-21
경기도,광주시,퇴촌면,운반급수,83,2011-01-18,2011-06-21
경기도,광주시,퇴촌면,운반급수,59,2012-01-09,2012-06-29
경기도,광주시,퇴촌면,운반급수,83,2012-06-07,2012-06-29
경기도,광주시,퇴촌면,운반급수,59,2013-01-10,2013-06-17
경기도,광주시,퇴촌면,운반급수,59,2014-01-13,2014-07-22
경기도,광주시,퇴촌면,운반급수,83,2014-05-30,2014-07-22
경기도,광주시,퇴촌면,운반급수,59,2015-01-13,2015-07-20
경기도,광주시,퇴촌면,운반급수,57,2016-01-22,2016-12-21
경기도,광주시,퇴촌면,운반급수,83,2016-01-23,2016-12-13
경기도,광주시,퇴촌면,운반급수,59,2016-02-01,2016-09-29
경기도,광주시,퇴촌면,운반급수,57,2017-01-03,2017-06-26
경기도,광주시,퇴촌면,운반급수,83,2017-01-03,2017-07-02
경기도,광주시,퇴촌면,운반급수,59,2017-05-20,2017-07-02
경기도,광주시,퇴촌면,운반급수,55,2017-06-18,2017-07-01
경기도,광주시,퇴촌면,운반급수,59,2018-01-03,2018-03-02
경기도,광주시,퇴촌면,운반급수,83,2018-01-16,2018-02-26
경기도,안성시,고삼면,운반급수,163,2017-05-15,2017-07-11
경기도,안성시,공도읍,제한급수,80,2013-02-07,2013-03-05
경기도,안성시,금광면,제한급수,40,2013-10-02,2013-10-31
경기도,안성시,금광면,제한급수,65,2015-10-20,2016-02-22
경기도,안성시,금광면,제한급수,40,2016-11-29,2017-04-15
경기도,안성시,금광면,운반급수,30,2017-05-01,2017-07-24
경기도,안성시,금광면,운반급수,112,2017-05-01,2017-07-24
경기도,안성시,보개면,운반급수,150,2017-06-01,2017-06-20
경기도,안성시,삼죽면,운반급수,116,2017-05-25,2017-05-25
경기도,안성시,서운면,제한급수,56,2017-05-31,2017-07-24
경기도,안성시,죽산면,제한급수,124,2013-07-30,2013-09-04
경기도,양평군,강상면,제한급수,190,2017-06-21,2017-06-27
경기도,양평군,강하면,제한급수,160,2017-05-30,2017-07-10
경기도,양평군,단월면,제한급수,71,2017-06-10,2017-07-05
경기도,양평군,서종면,제한급수,83,2017-05-30,2017-07-10
경기도,양평군,양동면,제한급수,30,2017-05-30,2017-06-20
경기도,양평군,양동면,제한급수,75,2017-06-19,2017-06-27
경기도,양평군,용문면,제한급수,230,2017-05-30,2017-06-27
경기도,양평군,지평면,제한급수,126,2017-05-26,2017-06-16
경기도,양평군,지평면,제한급수,39,2017-06-10,2017-06-27
경기도,양평군,지평면,제한급수,70,2017-06-10,2017-06-27
경기도,여주시,금사면,운반급수,120,2017-05-30,2018-06-30
경기도,여주시,금사면,운반급수,100,2017-06-02,2017-07-24
경기도,용인시수지구,동천동,운반급수,15,2017-06-05,2017-06-05
경기도,용인시처인구,남사면,운반급수,2,2017-07-20,2017-07-20
경기도,용인시처인구,모현면,운반급수,7,2017-06-25,2017-06-25
경기도,용인시처인구,모현면,운반급수,23,2017-06-08,2017-06-22
경기도,용인시처인구,원삼면,운반급수,16,2017-06-03,2017-06-20
경기도,용인시처인구,이동면,운반급수,6,2017-06-12,2017-06-12
경기도,용인시처인구,이동면,운반급수,3,2017-06-15,2017-06-15
경기도,용인시처인구,이동면,운반급수,17,2017-06-09,2017-06-21
경기도,용인시처인구,해곡동,운반급수,2,2017-06-20,2017-07-04
경기도,이천시,백사면,운반급수,2,2017-06-08,2017-06-08
경기도,이천시,설성면,운반급수,50,2017-06-21,2017-06-21
경기도,이천시,신둔면,운반급수,90,2017-06-08,2017-06-21
경기도,이천시,호법면,운반급수,2,2017-06-14,2017-06-19
경기도,하남시,천현동,운반급수,4,2016-03-17,2016-04-03
경기도,하남시,천현동,운반급수,5,2016-03-20,2016-04-30
경기도,하남시,천현동,운반급수,9,2017-05-30,2017-05-30
경기도,하남시,춘궁동,운반급수,4,2016-03-10,2016-05-20
경기도,화성시,마도면,운반급수,4,2017-05-30,2017-05-30
경기도,화성시,마도면,운반급수,3,2017-06-22,2017-07-22
경기도,화성시,송산면,운반급수,20,2017-05-30,2017-05-30
경기도,화성시,송산면,운반급수,20,2017-06-05,2017-06-05
경기도,화성시,송산면,운반급수,7,2017-06-05,2017-08-21
경기도,화성시,장안면,운반급수,4,2017-06-05,2017-06-07
경기도,화성시,정남면,운반급수,30,2017-06-02,2017-09-07
경기도,화성시,팔탄면,운반급수,40,2017-06-17,2017-06-17
경기도,화성시,향남읍,운반급수,17,2017-06-08,2017-08-12
경상남도,산청군,산청읍,운반급수,19,2017-05-29,2017-06-05
경상남도,산청군,산청읍,운반급수,9,2017-05-29,2017-06-05
경상남도,산청군,삼장면,운반급수,35,2017-05-29,2017-06-05
경상남도,산청군,삼장면,운반급수,165,2017-05-29,2017-06-05
경상남도,양산시,동면,제한+운반급수,75,2017-06-09,2017-06-22
경상남도,양산시,동면,운반급수,121,2018-01-04,2018-01-04
경상남도,양산시,동면,제한급수,216,2018-01-04,2018-01-04
경상남도,양산시,원동면,제한급수,43,2018-01-04,2018-01-04
경상남도,양산시,원동면,제한급수,93,2018-01-04,2018-01-04
경상남도,양산시,원동면,제한급수,161,2018-01-04,2018-01-04
경상남도,양산시,원동면,제한급수,113,2018-01-04,2018-01-04
경상남도,양산시,원동면,제한급수,128,2018-01-16,2018-01-16
경상남도,의령군,가례면,제한급수,129,2009-01-19,2009-02-28
경상남도,의령군,궁류면,제한급수,96,2009-01-15,2009-02-25
경상남도,의령군,낙서면,제한급수,158,2009-01-20,2009-03-08
경상남도,의령군,봉수면,제한급수,62,2009-01-13,2009-03-10
경상남도,의령군,부림면,제한급수,25,2009-01-05,2009-03-25
경상남도,의령군,지정면,제한급수,53,2009-01-23,2009-02-26
경상남도,통영시,욕지면,운반급수,193,2013-08-20,2013-12-21
경상남도,통영시,욕지면,운반급수,193,2014-01-03,2014-03-25
경상남도,합천군,가회면,제한급수,20,2017-06-17,2017-06-17
경상남도,합천군,대양면,제한급수,59,2017-06-13,2017-06-13
경상북도,경주시,건천읍,제한+운반급수,61,2016-05-30,2016-08-30
경상북도,경주시,내남면,운반급수,108,2013-08-19,2013-08-20
경상북도,경주시,내남면,제한+운반급수,108,2016-05-30,2016-08-30
경상북도,경주시,내남면,운반급수,169,2016-05-30,2016-08-30
경상북도,경주시,산내면,운반급수,46,2016-05-30,2016-08-30
경상북도,경주시,산내면,운반급수,119,2016-05-30,2016-08-30
경상북도,경주시,양남면,운반급수,42,2016-05-30,2016-08-30
경상북도,경주시,양남면,운반급수,64,2016-05-30,2016-08-30
경상북도,봉화군,명호면,운반급수,18,2015-06-11,2015-06-22
경상북도,봉화군,명호면,운반급수,20,2015-06-14,2015-06-26
경상북도,봉화군,명호면,운반급수,10,2015-06-14,2015-06-26
경상북도,봉화군,법전면,운반급수,80,2015-06-17,2015-06-26
경상북도,봉화군,석포면,운반급수,21,2015-06-06,2015-06-21
경상북도,봉화군,소천면,운반급수,18,2015-06-22,2015-06-26
경상북도,봉화군,재산면,운반급수,40,2015-05-30,2015-06-22
경상북도,봉화군,재산면,운반급수,22,2015-06-15,2015-06-22
경상북도,봉화군,재산면,운반급수,40,2015-10-14,2015-11-06
경상북도,상주시,낙동면,운반급수,20,2017-06-06,2017-06-06
경상북도,상주시,모동면,운반급수,15,2018-02-09,2018-02-09
경상북도,상주시,사벌면,운반급수,38,2017-06-19,2017-06-19
경상북도,상주시,화서면,운반급수,21,2018-08-14,2018-08-14
경상북도,안동시,길안면,운반급수,22,2015-08-03,2015-08-03
경상북도,안동시,남선면,운반급수,12,2018-11-11,2018-11-11
경상북도,안동시,녹전면,운반급수,39,2015-09-18,2015-09-18
경상북도,안동시,도산면,운반급수,30,2012-08-22,2012-08-22
경상북도,안동시,도산면,운반급수,32,2013-08-09,2013-08-09
경상북도,안동시,도산면,운반급수,40,2015-01-23,2015-01-23
경상북도,안동시,북후면,운반급수,115,2014-09-09,2014-09-09
경상북도,안동시,북후면,운반급수,1,2015-06-19,2015-06-19
경상북도,안동시,서후면,운반급수,200,2011-09-11,2011-09-11
경상북도,안동시,예안면,운반급수,1,2015-07-31,2015-07-31
경상북도,안동시,예안면,운반급수,30,2016-01-25,2016-01-25
경상북도,안동시,예안면,운반급수,26,2017-06-24,2017-06-24
경상북도,안동시,와룡면,운반급수,46,2014-09-07,2014-09-07
경상북도,안동시,와룡면,운반급수,57,2014-09-07,2014-09-07
경상북도,안동시,와룡면,운반급수,68,2015-10-31,2015-10-31
경상북도,안동시,와룡면,운반급수,8,2015-11-03,2015-11-03
경상북도,안동시,용상동,운반급수,23,2016-09-16,2016-09-16
경상북도,안동시,용상동,운반급수,25,2018-07-31,2018-07-31
경상북도,안동시,일직면,운반급수,71,2013-12-13,2013-12-13
경상북도,안동시,일직면,운반급수,9,2014-06-30,2014-06-30
경상북도,안동시,일직면,운반급수,14,2014-07-09,2014-07-09
경상북도,안동시,임동면,운반급수,26,2014-08-21,2014-08-21
경상북도,안동시,임동면,운반급수,6,2015-02-09,2015-02-09
경상북도,안동시,임동면,운반급수,25,2015-02-16,2015-02-16
경상북도,안동시,임동면,운반급수,13,2015-09-12,2015-09-12
경상북도,안동시,임동면,운반급수,1,2016-07-13,2016-07-13
경상북도,안동시,임동면,운반급수,40,2016-08-24,2016-08-24
경상북도,안동시,임하면,운반급수,40,2014-08-01,2014-08-01
경상북도,안동시,풍산읍,운반급수,12,2016-03-26,2016-03-26
경상북도,안동시,풍천면,운반급수,37,2013-08-07,2013-08-07
경상북도,안동시,풍천면,운반급수,1,2016-05-20,2016-05-20
경상북도,영덕군,강구면,운반급수,37,2016-07-01,2016-08-31
경상북도,영양군,영양읍,운반급수,6,2014-07-01,2014-07-26
경상북도,영양군,입암면,운반급수,20,2014-07-13,2014-07-30
경상북도,영양군,입암면,운반급수,35,2014-07-27,2014-07-31
경상북도,영천시,신녕면,운반급수,203,2017-06-22,2017-06-26
경상북도,영천시,자양면,운반급수,102,2017-06-17,2017-06-21
경상북도,영천시,자양면,운반급수,31,2017-06-24,2017-06-27
경상북도,영천시,화산면,운반급수,15,2017-06-13,2017-06-19
경상북도,예천군,용문면,제한급수,93,2015-10-10,2016-07-08
경상북도,예천군,용문면,제한급수,71,2016-03-23,2016-06-20
경상북도,예천군,은풍면,운반급수,43,2015-10-10,2016-07-08
경상북도,예천군,효자면,운반급수,9,2014-10-01,2015-06-30
경상북도,울진군,금강송면,운반급수,18,2015-05-22,2015-06-26
경상북도,울진군,금강송면,제한급수,33,2015-06-04,2015-06-26
경상북도,울진군,금강송면,제한급수,49,2015-06-17,2015-06-26
경상북도,울진군,금강송면,제한급수,40,2015-06-17,2015-06-26
경상북도,울진군,금강송면,제한급수,124,2015-06-17,2015-06-26
경상북도,울진군,금강송면,제한급수,10,2015-06-18,2015-06-26
경상북도,울진군,금강송면,제한급수,23,2015-06-19,2015-06-26
경상북도,울진군,기성면,제한급수,17,2015-06-04,2015-06-26
경상북도,울진군,기성면,제한급수,62,2015-06-04,2015-06-26
경상북도,울진군,기성면,제한급수,10,2015-06-04,2015-06-26
경상북도,울진군,기성면,운반급수,17,2015-06-09,2015-06-26
경상북도,울진군,기성면,운반급수,24,2015-06-18,2015-06-26
경상북도,울진군,매화면,제한급수,28,2015-06-01,2015-06-09
경상북도,울진군,북면,제한급수,131,2013-07-25,2013-09-30
경상북도,울진군,북면,제한급수,362,2013-08-05,2013-09-30
경상북도,울진군,북면,운반급수,15,2014-07-28,2014-08-04
경상북도,울진군,북면,제한급수,140,2014-07-30,2014-08-04
경상북도,울진군,북면,제한급수,69,2015-06-04,2015-06-26
경상북도,울진군,북면,제한급수,54,2015-06-04,2015-06-26
경상북도,울진군,북면,운반급수,484,2015-06-15,2015-06-26
경상북도,울진군,북면,제한급수,"1,072",2015-06-19,2015-06-26
경상북도,울진군,울진읍,제한급수,12,2014-07-28,2014-08-04
경상북도,울진군,울진읍,제한급수,50,2015-06-01,2015-06-26
경상북도,울진군,울진읍,제한급수,12,2015-06-01,2015-06-26
경상북도,의성군,금성면,운반급수,89,2015-06-18,2015-06-26
경상북도,의성군,다인면,운반급수,51,2008-05-01,2008-05-20
경상북도,의성군,단촌면,운반급수,88,2009-01-23,2009-01-31
경상북도,의성군,봉양면,운반급수,68,2009-02-27,2009-03-16
경상북도,의성군,봉양면,운반급수,179,2015-06-18,2015-06-26
경상북도,의성군,비안면,운반급수,90,2008-05-26,2008-05-28
경상북도,의성군,비안면,운반급수,22,2016-02-01,2016-02-04
경상북도,의성군,비안면,운반급수,22,2017-04-12,2017-04-12
경상북도,의성군,사곡면,운반급수,88,2008-01-08,2008-04-08
경상북도,의성군,사곡면,운반급수,72,2009-02-04,2009-02-16
경상북도,의성군,사곡면,운반급수,88,2010-02-12,2010-02-28
경상북도,의성군,사곡면,운반급수,52,2014-07-21,2014-08-04
경상북도,의성군,사곡면,운반급수,58,2016-01-26,2016-01-28
경상북도,의성군,신평면,운반급수,20,2016-08-21,2016-08-22
경상북도,의성군,안사면,운반급수,50,2009-01-23,2009-01-31
경상북도,의성군,안사면,운반급수,66,2010-01-22,2010-01-31
경상북도,의성군,옥산면,운반급수,76,2010-08-02,2010-09-10
경상북도,의성군,옥산면,운반급수,203,2014-07-31,2014-08-01
경상북도,의성군,옥산면,운반급수,25,2016-03-20,2016-03-22
경상북도,의성군,점곡면,운반급수,78,2009-01-16,2009-02-26
경상북도,의성군,춘산면,운반급수,160,2010-12-06,2010-12-28
경상북도,의성군,춘산면,운반급수,55,2017-05-31,2017-06-15
경상북도,의성군,춘산면,운반급수,85,2017-06-02,2017-06-30
경상북도,청송군,부동면,운반급수,102,2017-06-12,2017-06-30
경상북도,청송군,주왕산면,운반급수,63,2017-06-27,2017-07-04
경상북도,청송군,진보면,운반급수,56,2015-06-20,2015-06-26
경상북도,청송군,청송읍,운반급수,96,2016-01-26,2016-01-27
경상북도,청송군,청송읍,운반급수,28,2016-05-23,2016-05-24
경상북도,포항시남구,오천읍,운반급수,44,2016-07-28,2016-09-26
전라남도,강진군,대구면,제한+운반급수,86,2013-08-10,2013-08-20
전라남도,강진군,성전면,제한급수,243,2013-08-10,2013-08-14
전라남도,강진군,성전면,운반급수,62,2016-08-19,2016-08-21
전라남도,강진군,신전면,제한급수,342,2013-08-11,2013-08-15
전라남도,고흥군,금산면,제한급수,84,2017-05-31,2017-06-06
전라남도,고흥군,남양면,제한급수,224,2016-08-25,2016-08-28
전라남도,고흥군,남양면,제한급수,64,2016-08-25,2016-08-28
전라남도,고흥군,남양면,제한급수,224,2017-05-31,2017-06-06
전라남도,고흥군,남양면,제한급수,64,2017-05-31,2017-06-06
전라남도,고흥군,도덕면,제한급수,86,2016-08-25,2016-08-28
전라남도,고흥군,도덕면,제한급수,86,2017-05-31,2017-06-06
전라남도,고흥군,도양읍,제한급수,33,2017-06-05,2017-06-09
전라남도,고흥군,도화면,제한급수,200,2017-05-31,2017-06-06
전라남도,고흥군,두원면,제한급수,81,2016-08-25,2016-08-28
전라남도,고흥군,두원면,제한급수,39,2017-05-31,2017-06-06
전라남도,고흥군,봉래면,제한급수,32,2016-01-01,2016-12-31
전라남도,고흥군,봉래면,제한급수,32,2017-01-01,2017-12-31
전라남도,고흥군,봉래면,제한급수,139,2016-01-01,2016-12-31
전라남도,고흥군,봉래면,제한급수,139,2017-01-01,2017-12-31
전라남도,고흥군,봉래면,제한급수,48,2016-01-01,2016-12-31
전라남도,고흥군,봉래면,제한급수,48,2017-01-01,2017-12-31
전라남도,고흥군,포두면,제한급수,465,2016-08-25,2016-08-28
전라남도,고흥군,포두면,제한급수,137,2016-08-25,2016-08-28
전라남도,목포시,유달동,운반급수,94,2017-07-31,2017-07-31
전라남도,보성군,겸백면,운반급수,28,2017-05-07,2017-06-06
전라남도,보성군,겸백면,제한+운반급수,38,2017-05-30,2017-06-19
전라남도,보성군,겸백면,제한+운반급수,65,2017-06-16,2017-07-02
전라남도,보성군,득량면,제한+운반급수,119,2017-05-22,2017-05-22
전라남도,보성군,득량면,제한+운반급수,163,2017-05-20,2017-06-11
전라남도,보성군,득량면,제한+운반급수,132,2017-05-20,2017-06-15
전라남도,보성군,득량면,제한+운반급수,52,2017-06-02,2017-06-21
전라남도,보성군,미력면,제한+운반급수,30,2017-07-10,2017-07-10
전라남도,보성군,벌교읍,제한+운반급수,57,2017-07-10,2017-07-10
전라남도,보성군,벌교읍,제한+운반급수,208,2017-07-10,2017-07-10
전라남도,보성군,벌교읍,제한+운반급수,229,2017-05-29,2017-06-30
전라남도,보성군,회천면,제한+운반급수,53,2017-07-11,2017-07-11
전라남도,보성군,회천면,제한+운반급수,97,2017-06-05,2017-06-20
전라남도,보성군,회천면,제한+운반급수,124,2017-06-18,2017-07-10
전라남도,여수시,삼산면,제한+운반급수,150,2019-05-01,2019-05-19
전라남도,여수시,율촌면,운반급수,176,2016-08-10,2016-08-31
전라남도,여수시,화정면,운반급수,82,2012-12-05,2012-12-13
전라남도,여수시,화정면,운반급수,41,2016-02-10,2016-02-10
전라남도,장흥군,용산면,운반급수,20,2016-08-20,2016-09-04
전라남도,장흥군,용산면,운반급수,20,2016-08-20,2016-09-04
전라남도,장흥군,장흥읍,운반급수,40,2017-06-05,2017-06-29
전라남도,진도군,조도면,운반급수,48,2009-05-01,
전라남도,진도군,조도면,운반급수,3,2009-05-01,
전라남도,진도군,조도면,운반급수,27,2009-05-01,
전라남도,진도군,조도면,운반급수,18,2009-05-01,
전라남도,진도군,조도면,운반급수,19,2009-05-01,
전라남도,진도군,조도면,운반급수,18,2009-05-01,
전라남도,진도군,조도면,운반급수,8,2009-05-01,
전라남도,진도군,조도면,운반급수,6,2009-05-01,
전라남도,진도군,조도면,운반급수,19,2009-05-01,
전라남도,진도군,조도면,운반급수,4,2009-05-01,
전라남도,진도군,조도면,운반급수,20,2009-05-01,
전라남도,진도군,조도면,운반급수,2,2009-05-01,
전라남도,진도군,조도면,운반급수,16,2009-05-01,
전라남도,진도군,조도면,운반급수,3,2009-05-01,
전라남도,진도군,조도면,운반급수,17,2009-05-01,
전라남도,진도군,조도면,운반급수,11,2009-05-01,
전라남도,진도군,조도면,운반급수,6,2009-05-01,
전라남도,진도군,조도면,운반급수,20,2009-05-01,
전라남도,진도군,조도면,운반급수,12,2009-05-01,
전라남도,진도군,지산면,운반급수,2,2009-05-01,
전라남도,진도군,진도읍,운반급수,32,2009-05-01,
전라북도,군산시,옥도면,운반급수,63,2017-06-14,2017-06-14
전라북도,무주군,부남면,운반급수,77,2015-06-01,2015-06-02
전라북도,무주군,적상면,운반급수,55,2015-06-10,2015-06-25
전라북도,부안군,위도면,운반급수,100,2014-06-12,2014-06-20
전라북도,완주군,경천면,운반급수,106,2016-08-23,2016-09-09
전라북도,완주군,경천면,운반급수,16,2017-06-23,2017-06-23
전라북도,완주군,경천면,운반급수,131,2019-02-04,2019-02-04
전라북도,완주군,고산면,운반급수,51,2016-08-17,2016-09-13
전라북도,완주군,고산면,운반급수,65,2016-08-18,2016-08-18
전라북도,완주군,구이면,운반급수,61,2016-08-16,2016-08-16
전라북도,완주군,구이면,운반급수,93,2016-09-06,2016-09-12
전라북도,완주군,구이면,운반급수,58,2016-09-08,2016-09-08
전라북도,완주군,동상면,운반급수,51,2016-07-25,2016-07-29
전라북도,완주군,비봉면,운반급수,35,2016-07-10,2016-07-10
전라북도,완주군,비봉면,운반급수,72,2016-07-29,2016-07-29
전라북도,완주군,비봉면,운반급수,46,2016-08-05,2016-08-20
전라북도,완주군,비봉면,운반급수,42,2016-08-08,2016-08-16
전라북도,완주군,비봉면,운반급수,218,2019-01-20,2019-01-28
전라북도,완주군,비봉면,운반급수,94,2019-02-01,2019-02-01
전라북도,완주군,상관면,운반급수,219,2016-08-07,2016-08-10
전라북도,완주군,소양면,운반급수,4,2019-04-01,2019-04-01
전라북도,완주군,운주면,운반급수,34,2016-08-17,2016-09-14
전라북도,완주군,운주면,운반급수,89,2016-09-13,2016-09-13
전라북도,완주군,운주면,운반급수,76,2019-04-10,2019-04-10
전라북도,임실군,강진면,운반급수,24,2012-06-22,2012-06-27
전라북도,임실군,강진면,운반급수,50,2012-06-22,2012-06-27
전라북도,임실군,강진면,운반급수,24,2015-06-12,2015-06-15
전라북도,임실군,강진면,운반급수,29,2016-09-10,2016-10-11
전라북도,임실군,강진면,운반급수,10,2016-09-10,2016-10-11
전라북도,임실군,강진면,운반급수,29,2017-06-15,2017-07-21
전라북도,임실군,덕치면,운반급수,17,2016-09-10,2016-10-11
전라북도,임실군,덕치면,운반급수,12,2016-09-10,2016-10-11
전라북도,임실군,덕치면,운반급수,20,2017-06-15,2017-07-21
전라북도,임실군,신덕면,운반급수,97,2016-09-10,2016-10-11
전라북도,임실군,운암면,운반급수,25,2016-09-10,2016-10-11
전라북도,임실군,청웅면,운반급수,25,2016-09-10,2016-10-11
전라북도,장수군,장계면,운반급수,186,2016-06-20,2016-07-15
전라북도,장수군,장수읍,운반급수,379,2012-05-30,2012-06-10
전라북도,장수군,장수읍,운반급수,117,2012-05-30,2012-06-10
전라북도,장수군,천천면,운반급수,90,2010-06-05,2010-06-10
전라북도,정읍시,산외면,운반급수,32,2012-06-15,2012-06-15
전라북도,정읍시,산외면,운반급수,63,2012-07-04,2012-07-04
전라북도,정읍시,산외면,운반급수,32,2012-07-04,2012-07-04
전라북도,정읍시,산외면,운반급수,79,2012-07-04,2012-07-04
전라북도,정읍시,신태인읍,운반급수,17,2012-07-04,2012-07-04
전라북도,정읍시,신태인읍,운반급수,25,2012-07-04,2012-07-04
전라북도,정읍시,입암면,운반급수,45,2012-07-04,2012-07-04
전라북도,정읍시,입암면,운반급수,63,2012-07-04,2012-07-04
전라북도,정읍시,입암면,운반급수,31,2012-07-04,2012-07-04
전라북도,정읍시,태인면,운반급수,35,2012-07-04,2012-07-04
전라북도,진안군,백운면,운반급수,90,2016-09-14,2016-09-14
전라북도,진안군,백운면,운반급수,49,2016-09-14,2016-09-14
전라북도,진안군,부귀면,운반급수,58,2016-08-02,2016-08-04
전라북도,진안군,진안읍,운반급수,99,2015-06-17,2015-06-20
충청남도,공주시,금학동,제한급수,63,2017-06-20,2017-06-20
충청남도,공주시,사곡면,제한급수,50,2017-06-23,2017-06-23
충청남도,공주시,옥룡동,제한급수,30,2017-06-26,2017-06-26
충청남도,공주시,유구읍,제한급수,37,2017-06-02,2017-06-02
충청남도,공주시,의당면,제한급수,23,2017-06-04,2017-07-24
충청남도,금산군,군북면,운반급수,60,2014-05-01,2014-05-18
충청남도,금산군,남이면,운반급수,120,2014-01-27,2014-01-27
충청남도,금산군,남이면,운반급수,120,2014-06-16,2014-07-21
충청남도,금산군,남일면,운반급수,200,2014-01-07,2014-01-07
충청남도,금산군,남일면,운반급수,30,2016-08-22,2016-08-24
충청남도,금산군,부리면,운반급수,60,2014-03-15,2014-07-01
충청남도,금산군,부리면,운반급수,60,2014-07-31,2014-08-01
충청남도,금산군,부리면,운반급수,40,2016-07-26,2016-08-02
충청남도,금산군,진산면,운반급수,140,2014-07-21,2014-07-21
충청남도,보령시,미산면,제한급수,80,2015-10-22,2015-11-16
충청남도,보령시,미산면,제한급수,50,2017-06-02,2017-07-10
충청남도,보령시,성주면,제한급수,411,2017-06-12,2017-07-10
충청남도,보령시,성주면,제한급수,233,2017-06-27,2017-07-10
충청남도,보령시,오천면,제한급수,80,2017-06-21,2017-07-10
충청남도,보령시,오천면,제한급수,222,2017-06-21,2017-07-10
충청남도,보령시,오천면,제한급수,230,2017-06-21,2017-07-10
충청남도,보령시,오천면,제한급수,245,2017-06-21,2017-07-10
충청남도,보령시,오천면,제한급수,293,2017-06-21,2017-07-10
충청남도,보령시,주교면,제한급수,284,2012-06-04,2012-06-20
충청남도,보령시,청라면,제한급수,182,2017-06-22,2017-07-10
충청남도,보령시,청소면,제한급수,132,2012-06-01,2012-06-20
충청남도,부여군,구룡면,운반급수,10,2017-07-03,2017-07-10
충청남도,부여군,구룡면,운반급수,9,2017-07-03,2017-07-10
충청남도,부여군,구룡면,운반급수,7,2017-07-03,2017-07-10
충청남도,부여군,구룡면,운반급수,22,2017-07-03,2017-07-10
충청남도,부여군,내산면,운반급수,20,2017-06-28,2017-07-04
충청남도,부여군,부여읍,운반급수,19,2017-06-22,2017-07-10
충청남도,부여군,부여읍,운반급수,10,2017-07-04,2017-07-10
충청남도,부여군,부여읍,운반급수,12,2017-07-04,2017-07-10
충청남도,부여군,부여읍,운반급수,7,2017-07-04,2017-07-10
충청남도,부여군,부여읍,운반급수,10,2017-07-04,2017-07-10
충청남도,부여군,옥산면,운반급수,50,2017-06-26,2017-07-10
충청남도,부여군,외산면,운반급수,5,2017-07-03,2017-07-06
충청남도,부여군,외산면,운반급수,4,2017-07-03,2017-07-10
충청남도,부여군,외산면,운반급수,5,2017-07-03,2017-07-10
충청남도,부여군,은산면,운반급수,13,2017-06-22,2017-07-10
충청남도,부여군,은산면,운반급수,4,2017-06-22,2017-07-10
충청남도,부여군,은산면,운반급수,2,2017-06-22,2017-07-10
충청남도,부여군,은산면,운반급수,4,2017-06-22,2017-07-10
충청남도,부여군,은산면,운반급수,7,2017-06-22,2017-07-10
충청남도,부여군,은산면,운반급수,4,2017-06-22,2017-07-10
충청남도,부여군,임천면,운반급수,15,2017-06-28,2017-07-10
충청남도,부여군,임천면,운반급수,28,2017-06-28,2017-07-10
충청남도,부여군,임천면,운반급수,34,2017-07-04,2017-07-10
충청남도,부여군,장암면,운반급수,120,2017-06-28,2017-07-10
충청남도,부여군,장암면,운반급수,40,2017-07-03,2017-07-10
충청남도,부여군,초촌면,운반급수,158,2017-03-28,2017-03-28
충청남도,부여군,충화면,운반급수,24,2017-06-21,2017-07-10
충청남도,부여군,충화면,운반급수,2,2017-06-26,2017-07-10
충청남도,부여군,충화면,운반급수,2,2017-07-06,2017-07-10
충청남도,부여군,홍산면,운반급수,40,2017-06-01,2017-07-04
충청남도,부여군,홍산면,운반급수,40,2017-06-09,2017-07-10
충청남도,부여군,홍산면,운반급수,2,2017-07-07,2017-07-10
충청남도,서산시,운산면,운반급수,182,2017-06-22,2017-06-22
충청남도,서산시,운산면,운반급수,191,2017-06-23,2017-06-23
충청남도,서산시,운산면,운반급수,194,2017-06-16,2017-06-16
충청남도,서산시,운산면,운반급수,132,2017-06-16,2017-06-16
충청남도,예산군,광시면,운반급수,75,2012-06-22,2012-06-22
충청남도,예산군,대술면,운반급수,198,2012-05-31,2012-05-31
충청남도,예산군,봉산면,운반급수,75,2012-05-31,2012-05-31
충청남도,예산군,봉산면,운반급수,53,2012-06-22,2012-06-22
충청남도,예산군,봉산면,운반급수,35,2012-06-22,2012-06-22
충청남도,예산군,봉산면,운반급수,30,2012-06-22,2012-06-22
충청남도,예산군,예산읍,운반급수,87,2012-06-22,2012-06-22
충청남도,예산군,예산읍,운반급수,15,2012-06-22,2012-06-22
충청남도,천안시동남구,동면,운반급수,78,2016-03-10,2016-06-20
충청남도,태안군,소원면,운반급수,10,2017-04-01,2017-07-10
충청남도,홍성군,구항면,제한급수,150,2017-01-27,2017-02-15
충청남도,홍성군,구항면,제한급수,90,2017-05-20,2017-06-20
충청남도,홍성군,구항면,제한급수,239,2017-06-28,2017-07-20
충청남도,홍성군,구항면,운반급수,110,2017-07-05,2017-07-12
충청남도,홍성군,금마면,제한+운반급수,138,2017-04-12,2017-05-11
충청남도,홍성군,서부면,제한급수,80,2016-05-03,2016-06-10
충청남도,홍성군,서부면,제한급수,55,2017-06-01,2017-06-30
충청남도,홍성군,서부면,운반급수,2,2017-06-26,2017-06-26
충청남도,홍성군,장곡면,제한급수,80,2017-05-13,2017-06-30
충청남도,홍성군,장곡면,제한급수,37,2017-06-01,2017-06-30
충청남도,홍성군,장곡면,운반급수,2,2017-06-26,2017-06-26
충청남도,홍성군,홍동면,운반급수,67,2017-06-26,2017-06-26
충청남도,홍성군,홍동면,운반급수,129,2017-06-26,2017-06-26
충청남도,홍성군,홍북면,운반급수,100,2017-06-28,2017-06-28
충청남도,홍성군,홍성읍,운반급수,2,2017-07-12,2017-07-12
충청북도,괴산군,감물면,제한급수,18,2012-06-21,2012-07-05
충청북도,괴산군,감물면,운반급수,77,2018-08-03,2018-08-03
충청북도,괴산군,문광면,제한급수,70,2015-10-07,2015-10-12
충청북도,괴산군,문광면,제한급수,40,2015-10-07,2015-10-12
충청북도,괴산군,문광면,제한급수,47,2015-10-07,2015-10-12
충청북도,괴산군,연풍면,제한급수,66,2017-06-13,2017-07-03
충청북도,괴산군,연풍면,운반급수,150,2018-08-10,2018-08-09
충청북도,괴산군,장연면,제한급수,52,2015-10-07,2015-10-12
충청북도,괴산군,장연면,제한급수,140,2017-05-23,2017-05-24
충청북도,괴산군,장연면,제한급수,20,2017-06-04,2017-07-03
충청북도,괴산군,청안면,제한급수,70,2012-06-21,2012-07-05
충청북도,괴산군,청안면,제한급수,56,2017-06-05,2017-07-03
충청북도,괴산군,칠성면,제한급수,140,2017-06-04,2017-06-08
충청북도,괴산군,칠성면,제한급수,160,2017-06-19,2017-07-03
충청북도,괴산군,칠성면,제한급수,60,2017-06-24,2017-07-03
충청북도,괴산군,칠성면,운반급수,15,2018-08-03,2018-08-07
충청북도,단양군,가곡면,운반급수,10,2015-06-04,2015-06-22
충청북도,단양군,가곡면,운반급수,10,2015-09-16,2015-10-02
충청북도,단양군,가곡면,운반급수,16,2015-09-26,2015-10-01
충청북도,단양군,가곡면,운반급수,5,2017-05-23,2017-07-03
충청북도,단양군,가곡면,운반급수,90,2017-06-21,2017-07-03
충청북도,단양군,단성면,운반급수,40,2015-09-25,2015-11-09
충청북도,단양군,단성면,운반급수,44,2017-06-19,2017-07-03
충청북도,단양군,단양읍,운반급수,136,2017-06-17,2017-07-03
충청북도,단양군,단양읍,운반급수,10,2017-06-29,2017-07-03
충청북도,단양군,대강면,운반급수,50,2017-06-21,2017-07-03
충청북도,단양군,대강면,운반급수,12,2017-06-22,2017-07-03
충청북도,단양군,어상천면,운반급수,7,2015-05-02,2015-06-08
충청북도,단양군,어상천면,운반급수,12,2015-06-18,2015-06-26
충청북도,단양군,어상천면,운반급수,10,2015-09-21,2015-10-02
충청북도,단양군,영춘면,운반급수,117,2014-07-16,2014-07-18
충청북도,단양군,영춘면,운반급수,23,2015-06-05,2015-06-26
충청북도,단양군,영춘면,운반급수,4,2015-06-16,2015-06-16
충청북도,단양군,영춘면,운반급수,23,2016-01-25,2016-02-22
충청북도,단양군,영춘면,운반급수,50,2016-12-14,2016-12-22
충청북도,단양군,영춘면,운반급수,24,2017-06-06,2017-07-03
충청북도,단양군,영춘면,운반급수,10,2017-06-08,2017-07-03
충청북도,단양군,영춘면,운반급수,50,2017-06-24,2017-07-03
충청북도,단양군,영춘면,운반급수,26,2017-06-24,2017-07-03
충청북도,단양군,영춘면,운반급수,10,2017-06-29,2017-07-03
충청북도,단양군,적성면,운반급수,12,2015-09-24,2015-10-02
충청북도,단양군,적성면,운반급수,40,2015-09-26,2015-10-02
충청북도,단양군,적성면,운반급수,49,2015-09-27,2015-10-01
충청북도,단양군,적성면,운반급수,19,2017-05-25,2017-07-03
충청북도,단양군,적성면,운반급수,7,2017-06-24,2017-07-03
충청북도,보은군,마로면,운반급수,17,2014-06-23,2014-07-17
충청북도,보은군,속리산면,운반급수,21,2016-08-17,2016-08-31
충청북도,보은군,속리산면,운반급수,19,2017-05-26,2017-05-31
충청북도,영동군,상촌면,운반급수,62,2015-06-15,2015-06-26
충청북도,영동군,심천면,운반급수,40,2015-09-27,2015-10-01
충청북도,영동군,양산면,운반급수,12,2014-08-01,2014-08-06
충청북도,영동군,양산면,운반급수,12,2015-05-23,2015-06-26
충청북도,영동군,영동읍,운반급수,50,2015-09-27,2015-10-01
충청북도,영동군,학산면,운반급수,66,2014-06-27,2014-07-03
충청북도,영동군,학산면,운반급수,66,2015-06-15,2015-06-26
충청북도,영동군,학산면,운반급수,66,2017-05-29,2017-07-03
충청북도,옥천군,군북면,운반급수,30,2012-05-30,2012-06-25
충청북도,옥천군,군북면,운반급수,21,2012-06-05,2012-06-22
충청북도,옥천군,안내면,운반급수,165,2012-06-04,2012-07-06
충청북도,옥천군,안내면,운반급수,30,2012-06-05,2012-07-06
충청북도,옥천군,안내면,운반급수,119,2012-06-05,2012-07-06
충청북도,옥천군,안내면,운반급수,20,2012-06-08,2012-07-02
충청북도,옥천군,안내면,운반급수,28,2015-09-17,2015-10-02
충청북도,옥천군,안내면,운반급수,24,2015-09-19,2015-10-02
충청북도,옥천군,안내면,운반급수,28,2017-06-21,2017-07-03
충청북도,제천시,금성면,운반급수,50,2015-06-15,2015-06-26
충청북도,제천시,덕산면,운반급수,93,2012-06-19,2012-06-22
충청북도,제천시,봉양읍,운반급수,100,2012-06-20,2012-07-01
충청북도,제천시,봉양읍,운반급수,21,2012-06-20,2012-07-01
충청북도,제천시,송학면,운반급수,22,2015-06-19,2015-06-26
충청북도,제천시,송학면,운반급수,15,2017-05-18,2017-05-22
충청북도,제천시,수산면,운반급수,68,2012-06-24,2012-07-01
충청북도,제천시,수산면,운반급수,50,2014-08-01,2014-08-06
충청북도,제천시,수산면,운반급수,22,2015-06-18,2015-06-26
충청북도,제천시,수산면,운반급수,20,2016-01-26,2016-11-11
충청북도,제천시,수산면,운반급수,20,2016-02-04,2016-09-08
충청북도,제천시,청풍면,운반급수,20,2012-06-08,2012-07-01
충청북도,제천시,청풍면,운반급수,41,2015-06-15,2015-06-26
충청북도,제천시,청풍면,운반급수,15,2016-06-15,2016-06-23
충청북도,청주시상당구,낭성면,운반급수,32,2015-09-27,2015-10-02
충청북도,청주시상당구,문의면,운반급수,54,2015-09-22,2015-10-02
충청북도,청주시상당구,미원면,운반급수,50,2015-09-23,2015-11-09
충청북도,청주시상당구,미원면,운반급수,50,2015-09-26,2015-10-02
충청북도,충주시,교현·안림동,운반급수,24,2012-06-21,2012-06-30
충청북도,충주시,교현·안림동,운반급수,11,2016-05-11,2016-06-25
충청북도,충주시,교현·안림동,운반급수,85,2019-01-02,2019-02-23
충청북도,충주시,교현·안림동,운반급수,55,2019-01-28,2019-03-26
충청북도,충주시,교현·안림동,운반급수,85,2019-05-13,2019-05-13
충청북도,충주시,금가면,운반급수,171,2015-05-24,2015-06-26
충청북도,충주시,동량면,운반급수,32,2012-06-20,2012-06-30
충청북도,충주시,동량면,운반급수,65,2014-07-16,2014-07-23
충청북도,충주시,동량면,운반급수,65,2015-05-29,2015-06-26
충청북도,충주시,동량면,운반급수,44,2016-01-26,2016-01-27
충청북도,충주시,동량면,운반급수,75,2016-05-04,2016-06-13
충청북도,충주시,소태면,운반급수,44,2019-03-07,2019-03-07
충청북도,충주시,소태면,운반급수,80,2019-05-17,2019-05-17
충청북도,충주시,소태면,운반급수,80,2019-05-25,2019-05-25
충청북도,충주시,수안보면,운반급수,60,2015-06-13,2015-06-26
충청북도,충주시,수안보면,운반급수,12,2015-09-18,2015-10-02
충청북도,충주시,신니면,운반급수,47,2016-02-07,2016-04-09
충청북도,충주시,앙성면,운반급수,56,2012-06-22,2012-07-03
충청북도,충주시,앙성면,운반급수,56,2014-07-16,2014-08-06
충청북도,충주시,앙성면,운반급수,56,2016-09-14,2016-12-31
충청북도,충주시,중앙탑면,운반급수,108,2019-02-18,2019-02-18
충청북도,충주시,중앙탑면,운반급수,108,2019-02-23,2019-02-23
충청북도,충주시,중앙탑면,운반급수,108,2019-04-01,2019-04-01
광주광역시,북구,석곡동,운반급수,108,2017-06-21,2017-06-21
세종특별자치시,세종시,금남면,운반급수,80,2017-06-13,2017-06-13
세종특별자치시,세종시,연동면,운반급수,116,2017-06-02,2017-06-02
세종특별자치시,세종시,연서면,운반급수,90,2017-06-17,2017-06-17
세종특별자치시,세종시,장군면,운반급수,150,2017-06-08,2017-06-08
세종특별자치시,세종시,장군면,운반급수,35,2017-06-26,2017-06-26
세종특별자치시,세종시,장군면,운반급수,20,2017-06-26,2017-06-26
세종특별자치시,세종시,전동면,운반급수,96,2017-04-26,2017-04-26
울산광역시,북구,강동동,운반급수,54,2011-01-25,2011-01-25
울산광역시,북구,강동동,운반급수,36,2017-07-17,2017-07-19
울산광역시,북구,강동동,운반급수,34,2018-01-03,2018-02-02
울산광역시,북구,송정동,운반급수,243,2013-08-12,2013-08-12
울산광역시,울주군,온양읍,운반급수,75,2017-07-21,2017-07-23
인천광역시,강화군,강화읍,제한급수,75,2015-05-11,2015-07-27
인천광역시,강화군,교동면,제한급수,55,2016-09-14,2016-09-16
인천광역시,강화군,길상면,제한급수,5,2015-01-28,2015-07-13
인천광역시,강화군,내가면,제한급수,275,2015-05-15,2016-02-18
인천광역시,강화군,내가면,제한급수,100,2015-06-11,2015-07-27
인천광역시,강화군,불은면,제한급수,40,2015-05-20,2015-07-27
인천광역시,강화군,삼산면,제한급수,107,2015-03-20,2015-09-07
인천광역시,강화군,삼산면,제한급수,125,2015-09-15,2015-10-21
인천광역시,강화군,서도면,운반급수,58,2015-03-30,2015-07-13
인천광역시,강화군,송해면,제한급수,67,2015-06-01,2015-09-18
인천광역시,강화군,송해면,제한급수,150,2015-06-03,2015-07-27
인천광역시,강화군,송해면,제한급수,135,2015-06-03,2015-07-27
인천광역시,강화군,송해면,제한급수,40,2015-06-18,2015-09-07
인천광역시,강화군,양도면,제한급수,37,2015-05-22,2015-07-13
인천광역시,강화군,양도면,제한급수,125,2015-06-11,2015-07-13
인천광역시,강화군,양도면,제한급수,105,2015-06-11,2015-07-13
인천광역시,강화군,양도면,제한급수,130,2015-06-11,2015-07-13
인천광역시,강화군,양도면,제한급수,200,2015-06-11,2015-07-13
인천광역시,강화군,양사면,제한급수,225,2015-03-10,2015-09-07
인천광역시,강화군,양사면,제한급수,112,2015-07-02,2015-09-07
인천광역시,강화군,양사면,제한급수,125,2015-07-02,2015-09-07
인천광역시,강화군,양사면,제한급수,120,2015-07-02,2015-09-07
인천광역시,강화군,양사면,운반급수,157,2015-09-15,2015-10-22
인천광역시,강화군,양사면,제한급수,120,2016-02-02,2016-02-28
인천광역시,강화군,하점면,제한급수,200,2015-06-03,2015-07-27
인천광역시,강화군,화도면,제한급수,180,2014-06-05,2014-07-28
인천광역시,강화군,화도면,제한급수,125,2015-05-15,2015-07-13
인천광역시,강화군,화도면,제한급수,100,2015-05-15,2015-07-13
인천광역시,강화군,화도면,제한급수,120,2015-05-18,2015-07-13
인천광역시,강화군,화도면,제한급수,200,2015-06-11,2015-07-13
인천광역시,서구,신현원창동,운반급수,37,2016-04-07,2016-09-30
인천광역시,서구,신현원창동,운반급수,37,2017-05-25,2017-07-31
인천광역시,옹진군,대청면,운반급수,226,2015-01-23,2015-12-31
인천광역시,옹진군,대청면,운반급수,325,2015-02-10,2015-07-27
인천광역시,옹진군,대청면,운반급수,226,2016-02-26,2016-12-05
인천광역시,옹진군,대청면,운반급수,224,2016-06-13,2016-06-13
인천광역시,옹진군,대청면,운반급수,226,2017-03-16,2017-07-24
인천광역시,옹진군,대청면,운반급수,"1,371",2017-04-07,2017-07-24
인천광역시,옹진군,대청면,운반급수,61,2018-01-29,2018-01-29
인천광역시,옹진군,덕적면,운반급수,147,2015-06-19,2015-06-19
인천광역시,옹진군,덕적면,운반급수,28,2015-06-19,2015-07-27
인천광역시,옹진군,덕적면,운반급수,74,2015-06-19,2016-04-05
인천광역시,옹진군,덕적면,운반급수,25,2015-07-03,2015-07-13
인천광역시,옹진군,덕적면,운반급수,31,2016-01-14,2016-12-05
인천광역시,옹진군,덕적면,운반급수,165,2016-05-02,2016-05-02
인천광역시,옹진군,덕적면,운반급수,164,2016-05-02,2016-05-02
인천광역시,옹진군,덕적면,운반급수,147,2016-06-13,2016-06-13
인천광역시,옹진군,덕적면,운반급수,28,2016-06-30,2016-09-30
인천광역시,옹진군,덕적면,운반급수,56,2016-08-15,2016-08-15
인천광역시,옹진군,덕적면,운반급수,56,2017-05-12,2017-07-24
인천광역시,옹진군,덕적면,운반급수,31,2017-05-31,2017-07-24
인천광역시,옹진군,덕적면,운반급수,221,2017-06-02,2017-07-24
인천광역시,옹진군,덕적면,운반급수,74,2017-06-02,2017-07-24
인천광역시,옹진군,덕적면,운반급수,385,2017-06-23,2017-07-24
인천광역시,옹진군,덕적면,운반급수,429,2018-01-30,2018-01-30
인천광역시,옹진군,덕적면,제한급수,109,2019-02-25,2019-07-09
인천광역시,옹진군,북도면,운반급수,123,2014-12-09,2014-12-09
인천광역시,옹진군,북도면,운반급수,123,2015-02-02,2015-11-06
인천광역시,옹진군,북도면,운반급수,220,2015-05-20,2015-05-20
인천광역시,옹진군,북도면,운반급수,169,2015-05-20,2015-09-07
인천광역시,옹진군,북도면,운반급수,330,2015-05-20,2015-09-18
인천광역시,옹진군,북도면,운반급수,330,2016-03-11,2016-03-11
인천광역시,옹진군,북도면,운반급수,123,2016-03-11,2016-08-25
인천광역시,옹진군,북도면,운반급수,169,2017-06-02,2017-07-24
인천광역시,옹진군,북도면,운반급수,123,2017-06-09,2017-07-24
인천광역시,옹진군,북도면,운반급수,220,2017-06-16,2017-07-24
인천광역시,옹진군,북도면,운반급수,490,2017-06-16,2017-07-24
인천광역시,옹진군,북도면,운반급수,118,2019-03-26,
인천광역시,옹진군,연평면,운반급수,126,2014-11-18,2014-11-27
인천광역시,옹진군,연평면,운반급수,"1,361",2015-06-04,2015-11-04
인천광역시,옹진군,연평면,운반급수,126,2016-03-16,2016-12-12
인천광역시,옹진군,연평면,운반급수,387,2016-08-10,2016-11-23
인천광역시,옹진군,연평면,운반급수,"1,576",2017-01-01,2017-07-24
인천광역시,옹진군,연평면,운반급수,126,2017-03-23,2017-07-24
인천광역시,옹진군,연평면,운반급수,122,2018-01-01,2018-01-01
인천광역시,옹진군,연평면,운반급수,"2,122",2018-01-01,2018-01-01
인천광역시,옹진군,연평면,제한급수,750,2019-01-28,
인천광역시,옹진군,연평면,제한급수,870,2019-01-28,
인천광역시,옹진군,연평면,제한급수,427,2019-01-28,
인천광역시,옹진군,자월면,운반급수,71,2015-01-14,2015-01-14
인천광역시,옹진군,자월면,운반급수,71,2016-01-20,2016-01-20
인천광역시,옹진군,자월면,운반급수,169,2016-08-10,2016-08-23
인천광역시,옹진군,자월면,운반급수,71,2017-06-01,2017-07-24
인천광역시,옹진군,자월면,운반급수,169,2017-06-20,2017-07-24
인천광역시,옹진군,자월면,운반급수,249,2017-07-01,2017-07-24
인천광역시,옹진군,자월면,운반급수,171,2017-07-06,2017-07-24
인천광역시,중구,용유동,운반급수,150,2014-05-09,2014-12-11
인천광역시,중구,용유동,운반급수,130,2015-01-14,2015-07-10
인천광역시,중구,용유동,운반급수,130,2015-03-02,2015-11-17
인천광역시,중구,용유동,운반급수,130,2016-04-30,2016-05-06
인천광역시,중구,용유동,운반급수,130,2016-12-22,2016-12-23
인천광역시,중구,용유동,운반급수,130,2017-01-14,2017-01-14
